step_idx,day,t,其他,出行移动,家居环境管理,工作任务,放松与情绪调节,数字设备与账号操作,睡眠相关,社交沟通,计划与决策,购物采购,饮食相关
0,0,21601.0,3,0,0,0,0,0,0,0,0,3,0
1,0,22501.0,1,0,0,0,0,0,0,0,0,3,2
2,0,23401.0,0,0,0,0,1,0,0,0,1,2,2
3,0,24301.0,1,0,1,0,1,0,0,0,2,1,0
4,0,25201.0,1,0,0,0,1,0,0,1,1,1,1
5,0,26101.0,3,0,0,0,0,0,1,0,0,1,1
6,0,27001.0,2,0,1,0,0,0,0,0,0,2,1
7,0,27901.0,1,0,0,1,0,0,1,1,0,1,1
8,0,28801.0,0,0,0,0,1,0,1,0,0,4,0
9,0,29701.0,0,0,1,0,0,0,1,0,0,4,0
10,0,30601.0,0,0,0,0,0,0,1,0,2,2,1
11,0,31501.0,0,0,0,0,0,0,0,0,1,5,0
12,0,32401.0,0,0,0,0,0,0,0,0,0,5,1
13,0,33301.0,0,0,0,0,0,0,0,0,0,4,2
14,0,34201.0,0,0,0,0,0,0,0,0,0,4,2
15,0,35101.0,0,0,0,0,0,0,0,1,0,3,2
16,0,36001.0,0,0,0,0,0,0,2,1,0,1,2
17,0,36901.0,0,1,0,0,0,0,1,0,0,2,2
18,0,37801.0,0,1,0,0,0,0,1,0,0,2,2
19,0,38701.0,0,1,0,0,0,0,1,0,0,0,4
20,0,39601.0,0,1,0,0,0,0,1,0,0,0,4
21,0,40501.0,1,1,0,0,0,0,1,0,0,0,3
22,0,41401.0,1,1,0,0,0,0,3,0,0,0,1
23,0,42301.0,0,0,1,0,0,0,1,0,0,0,4
24,0,43201.0,0,0,0,0,0,0,2,0,0,0,4
25,0,44101.0,0,0,0,0,0,1,1,0,0,0,4
26,0,45001.0,0,0,0,0,0,0,2,0,0,0,4
27,0,45901.0,0,0,0,0,0,0,3,0,0,0,3
28,0,46801.0,0,0,0,0,0,0,3,0,0,0,3
29,0,47701.0,0,0,0,0,0,0,3,0,0,0,3
30,0,48601.0,0,0,0,0,0,1,2,0,0,0,3
31,0,49501.0,1,0,0,0,2,0,2,0,0,0,1
32,0,50401.0,0,1,0,0,2,0,3,0,0,0,0
33,0,51301.0,0,1,1,0,0,0,4,0,0,0,0
34,0,52201.0,0,1,2,0,1,0,2,0,0,0,0
35,0,53101.0,0,1,1,0,1,0,3,0,0,0,0
36,0,54001.0,0,1,0,0,1,0,4,0,0,0,0
37,0,54901.0,0,1,0,0,1,0,4,0,0,0,0
38,0,55801.0,0,1,1,0,1,0,3,0,0,0,0
39,0,56701.0,0,1,0,0,1,0,4,0,0,0,0
40,0,57601.0,0,1,0,0,1,0,4,0,0,0,0
41,0,58501.0,1,0,3,0,0,0,2,0,0,0,0
42,0,59401.0,1,0,4,0,0,0,1,0,0,0,0
43,0,60301.0,1,0,1,0,0,0,4,0,0,0,0
44,0,61201.0,0,0,0,0,2,0,3,1,0,0,0
45,0,62101.0,0,0,0,0,2,0,2,1,0,0,1
46,0,63001.0,1,0,0,0,0,0,4,0,0,0,1
47,0,63901.0,0,0,1,0,0,0,3,1,0,0,1
48,0,64801.0,0,0,0,0,0,0,3,1,0,0,2
49,0,65701.0,0,0,0,0,1,0,1,1,0,0,3
50,0,66601.0,0,0,0,0,1,1,1,0,0,0,3
51,0,67501.0,0,1,0,0,1,0,1,0,0,0,3
52,0,68401.0,0,1,0,0,1,0,1,0,0,0,3
53,0,69301.0,0,1,0,0,1,0,1,0,0,0,3
54,0,70201.0,0,0,1,0,1,0,0,0,0,0,4
55,0,71101.0,0,0,0,0,0,0,2,0,0,0,4
56,0,72001.0,1,0,0,0,0,0,2,0,0,0,3
57,0,72901.0,2,0,0,0,0,0,1,0,0,0,3
58,0,73801.0,1,0,1,0,0,0,0,0,1,0,3
59,0,74701.0,1,0,1,0,0,0,2,0,0,0,2
60,0,75601.0,1,0,0,0,0,0,2,0,0,1,2
61,0,76501.0,0,1,0,0,0,0,3,0,0,0,2
62,0,77401.0,0,0,0,0,1,0,2,0,0,0,3
63,0,78301.0,0,0,0,0,0,0,3,0,0,0,3
64,0,79201.0,0,0,0,0,0,0,3,0,0,0,3
65,0,80101.0,0,0,0,0,0,0,2,0,0,1,3
66,0,81001.0,0,0,0,0,0,0,2,0,0,1,3
67,0,81901.0,0,0,0,0,1,0,2,0,0,1,2
68,0,82801.0,0,0,0,0,1,0,2,0,0,1,2
69,0,83701.0,0,0,0,0,1,0,3,0,0,1,1
70,0,84601.0,0,0,1,0,0,0,3,0,0,1,1
71,0,85501.0,0,0,1,0,0,0,3,0,0,1,1
72,1,1.0,0,0,0,0,0,0,4,0,0,1,1
73,1,901.0,0,0,0,0,0,0,4,0,1,0,1
74,1,1801.0,0,0,1,0,0,0,3,0,1,0,1
75,1,2701.0,0,0,0,0,0,0,3,0,1,1,1
76,1,3601.0,0,0,0,0,0,0,4,0,0,1,1
77,1,4501.0,0,0,0,0,0,1,3,0,0,1,1
78,1,5401.0,0,0,0,0,0,0,4,0,0,1,1
79,1,6301.0,0,0,1,0,0,0,3,0,0,1,1
80,1,7201.0,0,0,0,0,0,0,5,0,0,0,1
81,1,8101.0,0,0,0,0,0,1,4,0,0,0,1
82,1,9001.0,0,0,0,0,1,0,3,0,0,0,2
83,1,9901.0,0,0,1,0,1,0,1,0,0,0,3
84,1,10801.0,0,0,0,0,1,0,2,0,0,0,3
85,1,11701.0,0,0,1,0,0,0,2,0,0,0,3
86,1,12601.0,0,0,0,0,0,1,2,0,0,0,3
87,1,13501.0,0,0,0,0,0,0,2,0,0,0,4
88,1,14401.0,0,1,0,0,0,0,2,0,0,0,3
89,1,15301.0,0,1,0,0,0,0,2,0,0,0,3
90,1,16201.0,0,1,0,0,0,1,1,0,0,0,3
91,1,17101.0,0,0,0,0,0,0,3,0,0,0,3
92,1,18001.0,1,0,0,0,1,0,1,0,0,0,3
93,1,18901.0,1,0,0,0,1,0,0,0,0,0,4
94,1,19801.0,0,0,0,0,1,0,1,0,0,0,4
95,1,20701.0,0,0,1,0,1,0,0,0,0,0,4
96,1,21601.0,0,0,0,0,0,0,3,0,0,0,3
97,1,22501.0,0,0,0,0,0,0,4,0,0,0,2
98,1,23401.0,0,0,0,0,1,0,3,0,0,0,2
99,1,24301.0,1,0,0,0,2,0,1,0,0,0,2
100,1,25201.0,0,0,0,0,1,0,2,0,0,0,3
101,1,26101.0,1,0,0,0,0,0,3,0,0,0,2
102,1,27001.0,0,0,1,0,1,0,1,0,0,0,3
103,1,27901.0,0,0,0,0,1,0,2,0,2,0,1
104,1,28801.0,0,0,1,0,1,0,2,0,1,0,1
105,1,29701.0,1,0,1,0,2,0,0,0,1,0,1
106,1,30601.0,0,0,2,0,1,0,1,0,0,0,2
107,1,31501.0,0,0,0,0,2,0,2,0,0,0,2
108,1,32401.0,0,0,0,0,0,1,3,0,0,1,1
109,1,33301.0,0,0,1,0,0,0,4,0,0,0,1
110,1,34201.0,0,0,0,0,0,0,4,0,0,0,2
111,1,35101.0,0,0,0,0,1,0,3,0,1,0,1
112,1,36001.0,1,0,1,0,1,0,3,0,0,0,0
113,1,36901.0,0,0,0,0,0,1,4,0,0,1,0
114,1,37801.0,0,0,0,0,1,0,4,0,0,0,1
115,1,38701.0,0,0,0,0,1,0,4,0,0,0,1
116,1,39601.0,0,0,0,0,3,0,2,0,0,0,1
117,1,40501.0,0,0,0,0,1,0,3,0,0,1,1
118,1,41401.0,0,0,0,0,1,0,2,0,0,1,2
119,1,42301.0,0,0,1,0,1,0,2,0,0,0,2
120,1,43201.0,0,0,1,0,2,0,0,0,0,0,3
121,1,44101.0,0,0,0,0,3,0,0,0,0,0,3
122,1,45001.0,2,0,0,0,1,0,1,0,0,0,2
123,1,45901.0,1,0,0,0,1,0,1,0,1,0,2
124,1,46801.0,1,0,0,0,2,0,0,0,0,1,2
125,1,47701.0,1,0,0,0,2,0,0,0,0,1,2
126,1,48601.0,1,0,0,0,2,0,0,0,0,1,2
127,1,49501.0,1,0,0,0,1,0,0,0,0,1,3
128,1,50401.0,0,0,0,0,0,0,2,0,0,1,3
129,1,51301.0,0,0,1,0,0,0,2,0,0,0,3
130,1,52201.0,0,0,0,0,0,0,1,0,0,2,3
131,1,53101.0,0,0,0,0,0,0,1,0,0,2,3
132,1,54001.0,0,0,0,0,0,0,1,2,0,1,2
133,1,54901.0,0,0,0,0,0,1,1,1,0,1,2
134,1,55801.0,0,0,0,0,0,1,1,0,0,2,2
135,1,56701.0,0,0,0,0,0,1,1,0,0,2,2
136,1,57601.0,0,0,0,0,0,0,1,0,0,2,3
137,1,58501.0,0,0,0,0,0,0,1,0,0,2,3
138,1,59401.0,1,0,0,0,0,0,1,0,0,1,3
139,1,60301.0,1,0,0,0,0,0,1,0,0,1,3
140,1,61201.0,0,1,0,0,0,0,1,0,0,2,2
141,1,62101.0,0,1,0,0,0,0,1,0,0,2,2
142,1,63001.0,1,1,0,0,0,0,1,0,0,1,2
143,1,63901.0,0,1,0,0,0,0,1,0,0,2,2
144,1,64801.0,0,1,1,0,1,0,0,0,0,2,1
145,1,65701.0,0,1,0,0,1,0,1,0,0,2,1
146,1,66601.0,0,1,0,0,0,0,2,0,1,1,1
147,1,67501.0,0,1,0,0,0,0,3,0,0,1,1
148,1,68401.0,0,1,0,0,0,0,2,0,0,2,1
149,1,69301.0,1,1,1,0,0,0,1,0,0,1,1
150,1,70201.0,0,1,0,0,0,0,2,0,0,1,2
151,1,71101.0,0,1,0,0,1,0,1,0,0,1,2
152,1,72001.0,0,1,0,0,1,0,1,0,0,1,2
153,1,72901.0,0,1,1,0,0,0,2,0,0,1,1
154,1,73801.0,0,1,0,0,1,0,2,0,0,0,2
155,1,74701.0,0,0,1,0,0,0,2,0,0,1,2
156,1,75601.0,1,0,1,0,1,0,1,0,0,0,2
157,1,76501.0,0,0,0,0,1,0,2,0,0,1,2
158,1,77401.0,0,0,0,0,1,0,2,0,0,1,2
159,1,78301.0,0,0,0,0,1,0,2,0,0,1,2
160,1,79201.0,0,0,0,0,1,0,2,0,0,1,2
161,1,80101.0,1,0,0,0,1,0,2,0,0,1,1
162,1,81001.0,2,0,0,0,1,0,1,0,0,1,1
163,1,81901.0,0,0,1,0,2,0,0,0,0,1,2
164,1,82801.0,0,0,0,0,1,0,3,0,0,0,2
165,1,83701.0,0,0,0,0,1,0,3,0,0,0,2
166,1,84601.0,0,0,0,0,1,0,3,0,0,0,2
167,1,85501.0,0,0,0,0,1,0,2,0,0,1,2
168,2,1.0,0,0,0,0,1,0,0,0,1,1,3
169,2,901.0,0,0,0,0,0,1,0,0,1,0,4
170,2,1801.0,0,0,2,0,0,0,1,0,0,0,3
171,2,2701.0,0,0,1,0,0,0,0,0,0,1,4
172,2,3601.0,0,0,0,0,1,0,0,0,0,2,3
173,2,4501.0,0,0,0,0,1,0,0,0,0,2,3
174,2,5401.0,0,0,0,0,0,0,1,0,0,1,4
175,2,6301.0,0,0,0,0,0,0,1,0,0,1,4
176,2,7201.0,0,0,0,0,0,0,1,0,0,1,4
177,2,8101.0,0,0,0,0,0,0,1,0,0,1,4
178,2,9001.0,1,0,0,0,0,0,1,0,0,1,3
179,2,9901.0,0,1,0,0,0,0,1,0,0,0,4
180,2,10801.0,0,1,0,0,1,0,1,0,0,0,3
181,2,11701.0,2,1,1,0,0,0,1,0,0,0,1
182,2,12601.0,2,0,2,0,0,0,1,0,0,0,1
183,2,13501.0,0,0,0,0,1,0,4,0,0,0,1
184,2,14401.0,0,0,0,0,3,0,2,0,0,0,1
185,2,15301.0,0,0,0,0,3,0,2,0,0,0,1
186,2,16201.0,0,0,0,0,1,1,3,0,0,0,1
187,2,17101.0,1,0,0,0,1,0,4,0,0,0,0
188,2,18001.0,0,1,0,0,1,0,3,0,0,0,1
189,2,18901.0,0,1,0,0,1,0,2,0,0,1,1
190,2,19801.0,0,1,0,0,1,1,2,0,0,0,1
191,2,20701.0,0,0,1,0,0,0,4,0,0,0,1
192,2,21601.0,0,0,1,0,0,0,4,0,0,0,1
193,2,22501.0,0,0,0,0,2,0,3,0,0,0,1
194,2,23401.0,0,0,0,0,1,0,4,0,0,0,1
195,2,24301.0,0,0,1,0,1,0,3,0,0,0,1
196,2,25201.0,0,1,0,0,2,0,2,0,0,0,1
197,2,26101.0,0,1,0,0,1,1,2,0,0,0,1
198,2,27001.0,0,1,0,0,2,0,2,0,0,0,1
199,2,27901.0,0,0,2,0,2,0,1,0,0,0,1
200,2,28801.0,0,0,0,0,0,0,5,0,0,0,1
201,2,29701.0,0,0,0,0,1,0,4,0,0,0,1
202,2,30601.0,0,0,1,0,1,0,3,0,0,0,1
203,2,31501.0,0,0,1,0,1,0,2,0,0,0,2
204,2,32401.0,0,0,0,0,1,0,3,0,0,0,2
205,2,33301.0,0,0,0,0,0,0,3,0,0,0,3
206,2,34201.0,0,0,0,0,1,0,1,0,0,0,4
207,2,35101.0,0,0,0,0,1,0,1,0,0,0,4
208,2,36001.0,0,0,0,0,0,0,1,0,0,1,4
209,2,36901.0,0,0,0,0,0,0,1,0,0,1,4
210,2,37801.0,0,0,0,0,0,0,1,0,0,0,5
211,2,38701.0,0,0,1,0,0,0,0,0,0,0,5
212,2,39601.0,0,0,1,0,0,0,0,0,0,0,5
213,2,40501.0,1,0,0,0,0,0,0,0,0,1,4
214,2,41401.0,0,0,0,0,1,0,0,0,0,1,4
215,2,42301.0,0,0,0,0,2,0,0,0,0,0,4
216,2,43201.0,0,0,1,0,0,1,0,0,0,0,4
217,2,44101.0,0,0,0,0,0,1,0,0,1,0,4
218,2,45001.0,0,0,0,0,0,1,1,0,0,0,4
219,2,45901.0,0,0,0,0,0,1,1,0,0,0,4
220,2,46801.0,0,0,1,0,0,1,1,0,0,0,3
221,2,47701.0,0,0,0,0,0,1,3,0,0,0,2
222,2,48601.0,0,0,0,0,1,0,2,0,0,0,3
223,2,49501.0,0,1,0,0,0,0,3,0,0,0,2
224,2,50401.0,0,1,0,0,0,0,3,0,0,0,2
225,2,51301.0,0,1,0,0,1,0,3,0,0,0,1
226,2,52201.0,0,1,1,0,1,0,3,0,0,0,0
227,2,53101.0,0,1,0,0,2,1,1,0,0,1,0
228,2,54001.0,0,1,1,0,2,0,2,0,0,0,0
229,2,54901.0,0,1,1,0,2,0,1,0,0,1,0
230,2,55801.0,0,1,1,0,2,0,1,0,0,1,0
231,2,56701.0,0,1,0,0,2,0,2,0,0,1,0
232,2,57601.0,0,1,0,0,2,0,3,0,0,0,0
233,2,58501.0,0,2,0,0,0,0,4,0,0,0,0
234,2,59401.0,0,2,1,0,1,0,2,0,0,0,0
235,2,60301.0,0,1,0,0,1,0,4,0,0,0,0
236,2,61201.0,0,1,1,0,1,0,3,0,0,0,0
237,2,62101.0,0,1,1,0,0,0,3,0,0,0,1
238,2,63001.0,0,0,1,0,0,0,4,0,0,0,1
239,2,63901.0,0,0,3,0,0,0,2,0,0,0,1
240,2,64801.0,0,0,3,0,0,0,2,0,0,0,1
241,2,65701.0,1,0,0,0,0,0,3,0,0,1,1
242,2,66601.0,0,0,0,0,1,0,3,0,0,0,2
243,2,67501.0,0,0,1,0,1,0,2,0,0,0,2
244,2,68401.0,0,1,0,0,0,0,3,0,0,0,2
245,2,69301.0,0,1,0,0,2,0,1,0,0,0,2
246,2,70201.0,0,1,0,0,1,0,2,0,0,0,2
247,2,71101.0,0,0,0,0,1,0,3,0,1,0,1
248,2,72001.0,0,0,1,0,1,1,1,0,0,0,2
249,2,72901.0,0,0,1,0,1,0,1,1,0,0,2
250,2,73801.0,0,0,0,0,1,1,1,1,0,0,2
251,2,74701.0,0,0,0,0,0,2,1,0,0,0,3
252,2,75601.0,0,1,0,0,0,0,1,1,0,0,3
253,2,76501.0,0,1,0,0,0,0,1,1,0,0,3
254,2,77401.0,0,1,0,0,0,1,0,0,0,0,4
255,2,78301.0,0,0,0,0,0,1,0,0,1,0,4
256,2,79201.0,0,0,0,0,0,0,0,0,2,0,4
257,2,80101.0,0,0,1,0,0,0,0,1,0,0,4
258,2,81001.0,0,1,1,0,1,0,0,1,0,0,2
259,2,81901.0,0,1,0,0,0,1,1,0,0,0,3
260,2,82801.0,0,1,0,0,1,1,0,0,0,0,3
261,2,83701.0,0,1,0,0,1,1,0,0,0,0,3
262,2,84601.0,0,1,1,0,0,0,0,1,0,0,3
263,2,85501.0,0,1,0,0,0,1,2,0,0,0,2
264,3,1.0,0,0,1,0,0,1,2,0,1,0,1
265,3,901.0,0,0,0,0,0,0,5,0,0,0,1
266,3,1801.0,0,0,1,0,2,0,2,0,0,0,1
267,3,2701.0,0,0,0,0,2,0,3,0,0,0,1
268,3,3601.0,0,1,2,0,0,0,2,0,0,1,0
269,3,4501.0,0,1,1,0,0,0,3,0,0,1,0
270,3,5401.0,0,1,1,0,0,0,3,0,0,1,0
271,3,6301.0,0,1,0,0,0,0,4,0,0,1,0
272,3,7201.0,1,1,0,0,0,1,2,0,0,1,0
273,3,8101.0,1,1,0,0,1,1,1,0,0,1,0
274,3,9001.0,0,0,1,0,2,0,1,0,0,1,1
275,3,9901.0,0,0,1,0,1,0,3,0,0,0,1
276,3,10801.0,0,0,2,0,1,0,2,0,0,0,1
277,3,11701.0,0,0,0,0,0,0,4,0,1,0,1
278,3,12601.0,0,0,0,0,0,0,4,0,1,0,1
279,3,13501.0,0,2,1,0,1,0,0,0,1,0,1
280,3,14401.0,1,0,0,0,2,0,1,0,1,0,1
281,3,15301.0,0,0,3,0,1,0,1,0,0,0,1
282,3,16201.0,0,0,1,0,1,0,3,0,0,0,1
283,3,17101.0,0,0,1,0,2,0,2,0,0,0,1
284,3,18001.0,0,0,0,0,1,0,3,0,1,0,1
285,3,18901.0,0,0,0,0,1,0,3,0,1,0,1
286,3,19801.0,0,0,0,0,1,0,4,0,0,0,1
287,3,20701.0,0,0,0,0,1,0,4,0,0,0,1
288,3,21601.0,0,1,0,0,2,0,2,0,0,0,1
289,3,22501.0,0,1,0,0,1,0,2,0,0,0,2
290,3,23401.0,0,1,0,0,0,0,3,0,0,0,2
291,3,24301.0,0,0,0,0,1,0,2,0,0,0,3
292,3,25201.0,0,0,0,0,1,0,2,0,0,0,3
293,3,26101.0,0,0,0,0,0,0,3,0,0,0,3
294,3,27001.0,0,0,0,0,0,0,1,0,1,0,4
295,3,27901.0,0,0,0,0,0,0,2,0,0,0,4
296,3,28801.0,0,0,0,0,1,0,2,0,0,0,3
297,3,29701.0,0,0,0,0,2,0,1,0,0,0,3
298,3,30601.0,0,0,0,0,2,1,0,0,0,0,3
299,3,31501.0,0,1,0,0,2,0,1,0,0,0,2
300,3,32401.0,0,1,0,0,1,0,2,0,0,0,2
301,3,33301.0,0,1,0,0,0,0,3,0,0,0,2
302,3,34201.0,0,0,1,0,1,0,2,0,0,0,2
303,3,35101.0,0,0,1,0,0,0,3,0,0,0,2
304,3,36001.0,0,0,1,0,1,0,1,0,0,1,2
305,3,36901.0,0,0,1,0,0,0,3,0,0,1,1
306,3,37801.0,0,0,0,0,0,0,4,0,0,1,1
307,3,38701.0,0,1,0,0,0,1,1,0,0,1,2
308,3,39601.0,0,1,0,0,1,0,1,0,0,1,2
309,3,40501.0,0,1,0,0,2,0,0,0,0,1,2
310,3,41401.0,0,1,0,0,1,0,1,0,0,1,2
311,3,42301.0,0,1,2,0,0,0,1,0,0,0,2
312,3,43201.0,0,1,1,0,1,0,1,0,0,0,2
313,3,44101.0,0,1,1,0,2,0,0,0,0,1,1
314,3,45001.0,1,0,0,0,2,0,2,0,0,0,1
315,3,45901.0,2,0,1,0,0,0,3,0,0,0,0
316,3,46801.0,1,1,0,0,0,0,3,0,0,0,1
317,3,47701.0,0,1,1,0,1,0,2,0,0,0,1
318,3,48601.0,0,1,1,0,0,0,2,0,0,1,1
319,3,49501.0,0,1,0,0,1,0,3,0,0,1,0
320,3,50401.0,0,1,0,0,1,0,3,0,0,1,0
321,3,51301.0,0,1,0,0,0,0,3,0,0,1,1
322,3,52201.0,0,0,0,0,0,1,3,0,0,1,1
323,3,53101.0,0,0,0,0,1,0,3,0,0,1,1
324,3,54001.0,0,0,0,0,3,0,1,0,0,1,1
325,3,54901.0,0,0,0,1,2,1,1,0,0,0,1
326,3,55801.0,0,0,1,1,0,0,2,1,0,0,1
327,3,56701.0,0,0,2,0,0,1,1,0,1,0,1
328,3,57601.0,0,0,0,1,1,0,2,0,0,0,2
329,3,58501.0,0,0,0,1,0,0,2,0,0,0,3
330,3,59401.0,0,0,0,1,0,0,1,0,0,0,4
331,3,60301.0,0,0,0,1,0,0,1,0,0,0,4
332,3,61201.0,0,0,1,1,0,0,0,0,0,0,4
333,3,62101.0,0,0,1,1,0,0,0,0,0,0,4
334,3,63001.0,0,0,0,1,0,0,1,0,0,0,4
335,3,63901.0,1,0,0,1,0,0,1,0,0,0,3
336,3,64801.0,0,0,0,1,0,0,2,0,0,0,3
337,3,65701.0,0,0,0,1,0,0,1,0,1,0,3
338,3,66601.0,0,0,1,0,0,0,1,0,1,1,2
339,3,67501.0,0,0,0,0,0,1,2,0,0,1,2
340,3,68401.0,1,1,0,0,0,1,0,1,0,0,2
341,3,69301.0,0,0,1,0,1,0,0,0,1,0,3
342,3,70201.0,0,0,1,0,1,0,2,0,0,0,2
343,3,71101.0,0,1,1,0,1,1,1,0,0,0,1
344,3,72001.0,1,0,1,0,0,0,2,1,0,0,1
345,3,72901.0,2,1,0,0,1,1,0,0,0,0,1
346,3,73801.0,1,1,0,0,2,0,0,1,0,0,1
347,3,74701.0,0,1,0,0,1,0,1,1,0,0,2
348,3,75601.0,0,0,0,0,1,0,2,1,0,0,2
349,3,76501.0,0,0,0,0,1,0,2,1,0,0,2
350,3,77401.0,0,0,0,0,1,0,1,1,0,1,2
351,3,78301.0,1,0,0,0,1,0,2,0,0,1,1
352,3,79201.0,0,0,0,0,1,1,2,0,0,1,1
353,3,80101.0,1,0,1,0,2,0,0,1,0,0,1
354,3,81001.0,0,0,0,0,2,0,1,1,0,1,1
355,3,81901.0,1,0,0,0,1,0,2,0,0,1,1
356,3,82801.0,0,1,0,0,1,0,1,1,0,1,1
357,3,83701.0,0,1,0,0,1,0,1,1,0,1,1
358,3,84601.0,0,1,0,0,0,1,1,0,0,1,2
359,3,85501.0,0,0,1,0,0,1,2,0,0,1,1
360,4,1.0,1,0,1,0,0,0,2,0,0,1,1
361,4,901.0,0,0,0,0,2,1,1,1,0,0,1
362,4,1801.0,0,0,0,0,1,1,2,0,1,0,1
363,4,2701.0,0,0,0,0,1,2,1,0,0,1,1
364,4,3601.0,0,1,0,0,1,1,2,0,0,1,0
365,4,4501.0,0,2,0,0,1,0,2,0,0,0,1
366,4,5401.0,0,1,1,0,1,0,1,0,0,0,2
367,4,6301.0,0,1,0,0,1,0,2,0,0,0,2
368,4,7201.0,0,0,0,0,1,0,3,0,0,0,2
369,4,8101.0,0,0,1,0,0,1,1,0,0,0,3
370,4,9001.0,1,0,0,0,1,0,2,0,0,0,2
371,4,9901.0,0,0,2,0,0,0,1,1,0,0,2
372,4,10801.0,1,0,0,0,0,0,2,0,0,0,3
373,4,11701.0,0,0,0,0,0,1,2,0,0,0,3
374,4,12601.0,0,0,0,0,1,0,1,1,0,0,3
375,4,13501.0,1,0,0,0,0,0,1,0,0,0,4
376,4,14401.0,0,0,0,0,1,0,0,1,0,0,4
377,4,15301.0,0,0,0,0,1,0,0,1,0,0,4
378,4,16201.0,0,0,0,0,0,1,1,0,0,0,4
379,4,17101.0,0,0,0,0,1,0,0,1,0,0,4
380,4,18001.0,0,0,0,0,0,1,1,0,0,0,4
381,4,18901.0,1,1,0,0,0,1,1,0,0,0,2
382,4,19801.0,1,1,0,0,1,0,0,0,1,0,2
383,4,20701.0,0,1,0,0,1,0,0,0,1,0,3
384,4,21601.0,0,1,0,0,1,0,1,0,1,0,2
385,4,22501.0,0,0,0,0,1,0,2,0,1,0,2
386,4,23401.0,0,0,0,0,1,0,1,0,1,0,3
387,4,24301.0,0,0,0,0,1,0,1,0,1,0,3
388,4,25201.0,0,0,0,0,1,0,2,0,0,0,3
389,4,26101.0,0,1,0,0,2,0,0,0,0,0,3
390,4,27001.0,1,1,0,0,1,0,1,0,0,0,2
391,4,27901.0,1,1,1,0,0,0,2,0,0,0,1
392,4,28801.0,0,1,0,0,0,0,4,0,0,0,1
393,4,29701.0,0,1,0,0,0,0,4,0,0,0,1
394,4,30601.0,0,1,0,0,0,0,4,0,0,0,1
395,4,31501.0,0,1,0,0,1,0,2,0,0,0,2
396,4,32401.0,0,1,1,0,1,0,1,0,0,0,2
397,4,33301.0,0,1,1,0,1,0,2,0,0,0,1
398,4,34201.0,0,0,0,0,0,0,4,0,0,0,2
399,4,35101.0,0,1,0,0,1,1,1,0,0,0,2
400,4,36001.0,0,1,0,0,1,0,2,0,0,0,2
401,4,36901.0,0,1,0,0,1,0,1,0,0,0,3
402,4,37801.0,0,0,0,0,2,0,1,0,0,0,3
403,4,38701.0,0,0,0,0,2,0,2,0,0,0,2
404,4,39601.0,0,0,0,0,2,0,1,0,0,0,3
405,4,40501.0,1,0,0,0,1,0,1,0,0,0,3
406,4,41401.0,1,0,0,0,1,0,2,0,0,0,2
407,4,42301.0,0,0,0,0,1,0,2,0,0,0,3
408,4,43201.0,0,1,1,0,1,0,1,0,0,0,2
409,4,44101.0,0,1,0,0,1,0,4,0,0,0,0
410,4,45001.0,1,1,0,0,0,0,4,0,0,0,0
411,4,45901.0,1,1,1,0,1,0,2,0,0,0,0
412,4,46801.0,0,1,1,0,1,0,2,0,0,0,1
413,4,47701.0,0,1,1,0,1,0,2,0,0,0,1
414,4,48601.0,0,0,1,0,0,0,4,0,0,0,1
415,4,49501.0,0,1,1,0,0,0,3,0,0,0,1
416,4,50401.0,0,1,0,0,0,0,4,0,0,0,1
417,4,51301.0,0,1,0,0,1,0,2,0,0,0,2
418,4,52201.0,0,1,0,0,1,0,2,0,0,0,2
419,4,53101.0,0,0,0,0,1,0,3,0,0,0,2
420,4,54001.0,0,0,1,0,2,0,1,0,0,0,2
421,4,54901.0,0,0,0,0,2,0,2,0,0,0,2
422,4,55801.0,0,0,0,0,1,0,2,0,0,0,3
423,4,56701.0,0,1,0,0,0,0,2,0,0,0,3
424,4,57601.0,0,1,0,0,1,0,0,0,0,0,4
425,4,58501.0,0,0,0,0,2,0,0,0,0,0,4
426,4,59401.0,0,0,0,0,1,0,1,0,0,0,4
427,4,60301.0,1,0,0,0,1,0,0,0,0,0,4
428,4,61201.0,0,0,0,0,2,0,1,0,0,0,3
429,4,62101.0,0,0,0,0,1,0,2,0,0,0,3
430,4,63001.0,1,0,1,0,1,0,0,0,0,0,3
431,4,63901.0,0,0,0,0,1,0,1,0,0,0,4
432,4,64801.0,0,0,0,0,1,1,0,0,0,0,4
433,4,65701.0,1,0,0,0,1,0,1,0,0,0,3
434,4,66601.0,0,1,0,0,1,0,2,0,0,0,2
435,4,67501.0,0,1,1,0,1,0,1,0,0,0,2
436,4,68401.0,0,1,0,0,1,0,2,0,0,0,2
437,4,69301.0,0,1,0,0,1,1,0,0,0,2,1
438,4,70201.0,0,1,0,0,1,1,0,0,0,1,2
439,4,71101.0,1,1,0,0,2,0,0,0,0,0,2
440,4,72001.0,0,0,1,0,2,0,0,0,0,1,2
441,4,72901.0,0,0,0,0,1,0,2,0,0,1,2
442,4,73801.0,0,0,1,0,1,0,1,0,0,1,2
443,4,74701.0,0,0,0,0,1,0,1,0,0,3,1
444,4,75601.0,1,1,0,0,1,0,0,0,0,3,0
445,4,76501.0,1,1,0,0,0,0,0,0,0,4,0
446,4,77401.0,1,1,0,0,1,0,0,0,0,3,0
447,4,78301.0,1,0,0,0,1,0,2,0,0,2,0
448,4,79201.0,0,0,2,0,1,0,0,0,0,3,0
449,4,80101.0,0,0,0,0,2,1,1,0,0,2,0
450,4,81001.0,0,0,0,0,2,0,1,0,0,3,0
451,4,81901.0,0,0,0,0,2,0,1,0,0,2,1
452,4,82801.0,1,0,1,0,2,0,2,0,0,0,0
453,4,83701.0,1,0,0,0,1,0,2,0,1,1,0
454,4,84601.0,0,0,1,0,1,0,3,0,0,1,0
455,4,85501.0,0,1,1,0,1,0,2,0,0,0,1
456,5,1.0,0,1,0,0,1,0,2,0,0,1,1
457,5,901.0,0,1,0,0,1,0,2,0,0,0,2
458,5,1801.0,0,0,1,0,1,0,2,0,0,0,2
459,5,2701.0,0,0,1,0,1,0,1,0,0,0,3
460,5,3601.0,0,0,1,0,0,0,2,0,0,0,3
461,5,4501.0,1,0,1,0,0,0,1,0,0,0,3
462,5,5401.0,0,0,0,0,1,0,1,0,0,0,4
463,5,6301.0,0,0,0,0,1,0,1,0,0,0,4
464,5,7201.0,1,0,0,0,0,0,2,0,0,0,3
465,5,8101.0,2,0,0,0,0,0,2,0,0,0,2
466,5,9001.0,2,0,0,0,0,0,1,0,0,0,3
467,5,9901.0,1,0,0,0,0,0,1,0,0,0,4
468,5,10801.0,1,0,0,0,0,0,1,0,0,0,4
469,5,11701.0,1,0,0,0,0,1,0,0,0,0,4
470,5,12601.0,1,0,0,0,0,1,0,1,0,0,3
471,5,13501.0,0,0,0,0,0,0,1,1,0,0,4
472,5,14401.0,1,1,0,0,1,0,0,0,0,0,3
473,5,15301.0,0,2,0,0,1,0,0,0,0,0,3
474,5,16201.0,0,2,0,0,0,0,1,0,0,0,3
475,5,17101.0,0,2,1,0,0,0,0,0,0,0,3
476,5,18001.0,0,2,1,0,0,0,0,0,0,0,3
477,5,18901.0,0,2,0,0,0,0,1,0,0,0,3
478,5,19801.0,0,1,1,0,1,0,0,0,0,0,3
479,5,20701.0,1,0,0,0,1,0,2,0,0,0,2
480,5,21601.0,0,0,1,0,3,0,0,0,0,0,2
481,5,22501.0,0,0,0,0,2,0,2,0,0,0,2
482,5,23401.0,0,0,0,0,2,0,3,0,0,0,1
483,5,24301.0,0,0,0,0,3,0,1,0,0,0,2
484,5,25201.0,0,1,0,0,1,0,2,0,0,0,2
485,5,26101.0,0,1,0,0,1,0,1,0,1,0,2
486,5,27001.0,0,1,0,0,1,0,1,0,1,0,2
487,5,27901.0,0,1,0,0,1,0,3,0,0,0,1
488,5,28801.0,1,1,1,0,0,0,2,0,1,0,0
489,5,29701.0,0,1,0,0,0,0,4,0,0,0,1
490,5,30601.0,0,1,1,0,0,0,3,0,0,1,0
491,5,31501.0,0,1,1,0,0,0,4,0,0,0,0
492,5,32401.0,1,1,0,0,0,0,4,0,0,0,0
493,5,33301.0,0,1,0,0,1,0,3,0,0,0,1
494,5,34201.0,1,1,0,0,1,0,2,0,0,0,1
495,5,35101.0,0,1,0,0,1,0,3,0,0,0,1
496,5,36001.0,0,1,0,0,1,0,3,0,0,0,1
497,5,36901.0,0,1,0,0,3,0,1,0,0,0,1
498,5,37801.0,0,1,0,0,2,1,0,1,0,0,1
499,5,38701.0,0,1,0,0,1,0,2,1,0,0,1
500,5,39601.0,0,1,1,0,1,0,1,1,0,0,1
501,5,40501.0,0,1,0,0,0,0,2,0,0,0,3
502,5,41401.0,0,1,0,0,1,0,1,0,0,0,3
503,5,42301.0,0,0,0,0,0,0,2,0,0,1,3
504,5,43201.0,0,0,0,0,0,0,2,0,0,1,3
505,5,44101.0,1,1,0,0,0,0,1,0,0,0,3
506,5,45001.0,0,1,0,0,0,1,1,0,0,0,3
507,5,45901.0,0,1,1,0,0,0,0,0,0,1,3
508,5,46801.0,0,1,1,0,0,0,0,0,0,1,3
509,5,47701.0,0,1,1,0,0,0,0,0,0,1,3
510,5,48601.0,0,1,0,1,0,0,1,0,0,0,3
511,5,49501.0,0,1,0,1,0,0,1,0,0,0,3
512,5,50401.0,0,1,0,1,0,0,1,0,0,0,3
513,5,51301.0,0,1,0,0,0,0,2,0,0,0,3
514,5,52201.0,0,1,0,0,2,0,1,0,0,0,2
515,5,53101.0,0,0,0,0,1,0,1,0,0,0,4
516,5,54001.0,1,0,0,0,1,0,2,0,0,0,2
517,5,54901.0,0,0,0,0,1,0,2,0,0,0,3
518,5,55801.0,0,0,0,0,1,0,2,0,0,0,3
519,5,56701.0,0,0,0,0,1,0,2,0,0,0,3
520,5,57601.0,0,0,0,0,0,0,3,0,0,0,3
521,5,58501.0,0,0,1,0,0,0,2,0,0,1,2
522,5,59401.0,0,0,0,0,0,0,3,0,0,1,2
523,5,60301.0,0,0,0,0,0,0,3,0,0,0,3
524,5,61201.0,0,0,0,0,0,0,4,0,0,0,2
525,5,62101.0,0,0,1,0,1,0,2,0,0,0,2
526,5,63001.0,0,1,2,0,1,0,1,0,0,0,1
527,5,63901.0,1,1,1,0,0,0,2,0,0,0,1
528,5,64801.0,1,1,1,0,1,0,1,0,0,1,0
529,5,65701.0,1,0,1,0,0,0,3,0,0,1,0
530,5,66601.0,1,0,0,0,0,0,4,0,0,1,0
531,5,67501.0,1,1,0,0,0,0,2,0,0,2,0
532,5,68401.0,0,1,0,0,2,0,0,0,0,3,0
533,5,69301.0,1,1,0,0,1,0,1,0,0,2,0
534,5,70201.0,0,2,0,0,1,0,2,0,0,1,0
535,5,71101.0,0,1,0,0,1,0,2,0,0,2,0
536,5,72001.0,0,1,0,0,0,0,3,0,0,2,0
537,5,72901.0,1,0,0,0,0,0,2,0,0,3,0
538,5,73801.0,1,0,0,0,1,0,1,0,0,3,0
539,5,74701.0,0,0,0,1,1,0,1,0,0,3,0
540,5,75601.0,0,0,0,1,1,0,0,0,0,3,1
541,5,76501.0,0,0,0,1,1,0,0,0,0,2,2
542,5,77401.0,0,0,1,1,0,0,0,1,0,1,2
543,5,78301.0,1,0,0,1,0,0,1,1,0,0,2
544,5,79201.0,0,1,0,0,0,1,1,1,0,0,2
545,5,80101.0,0,1,0,0,0,0,1,2,0,0,2
546,5,81001.0,1,1,1,0,0,0,0,1,0,0,2
547,5,81901.0,0,1,0,0,0,0,1,0,0,0,4
548,5,82801.0,0,1,0,0,0,0,1,0,0,0,4
549,5,83701.0,0,1,0,0,1,0,1,0,0,0,3
550,5,84601.0,0,0,1,0,0,0,1,0,0,0,4
551,5,85501.0,0,0,0,0,2,0,2,0,0,0,2
552,6,1.0,0,1,0,0,2,0,1,0,0,0,2
553,6,901.0,1,1,0,0,1,0,1,0,0,0,2
554,6,1801.0,1,1,0,0,1,0,0,0,0,0,3
555,6,2701.0,0,0,1,1,0,0,0,0,0,0,4
556,6,3601.0,0,0,1,1,0,0,0,0,1,0,3
557,6,4501.0,0,0,0,1,1,0,0,0,0,0,4
558,6,5401.0,0,0,1,1,1,0,0,0,0,0,3
559,6,6301.0,0,0,1,1,1,0,0,0,0,0,3
560,6,7201.0,0,0,0,1,1,0,0,0,0,0,4
561,6,8101.0,0,0,0,1,1,0,0,0,0,0,4
562,6,9001.0,0,0,0,1,0,0,0,0,1,0,4
563,6,9901.0,0,0,0,0,0,0,0,0,1,1,4
564,6,10801.0,0,0,0,0,1,0,0,0,0,1,4
565,6,11701.0,0,1,0,0,1,0,1,0,0,1,2
566,6,12601.0,0,1,0,0,1,0,1,0,0,1,2
567,6,13501.0,0,1,0,0,2,1,0,0,0,1,1
568,6,14401.0,0,0,0,0,2,0,1,0,1,1,1
569,6,15301.0,0,0,1,0,1,0,2,1,0,0,1
570,6,16201.0,1,0,0,0,2,0,3,0,0,0,0
571,6,17101.0,0,0,0,0,2,1,3,0,0,0,0
572,6,18001.0,0,0,0,0,1,0,4,0,0,1,0
573,6,18901.0,0,1,1,0,2,0,2,0,0,0,0
574,6,19801.0,0,1,0,0,2,0,3,0,0,0,0
575,6,20701.0,0,1,0,0,1,0,3,0,0,0,1
576,6,21601.0,1,0,0,0,1,1,1,1,0,0,1
577,6,22501.0,0,0,0,0,0,1,4,0,0,0,1
578,6,23401.0,0,0,0,0,1,0,3,1,0,0,1
579,6,24301.0,2,0,0,0,1,0,2,0,0,0,1
580,6,25201.0,1,0,1,0,1,0,1,1,0,0,1
581,6,26101.0,2,0,0,0,1,0,2,0,0,0,1
582,6,27001.0,1,0,0,0,1,1,1,0,0,1,1
583,6,27901.0,1,0,0,0,1,0,2,0,0,1,1
584,6,28801.0,0,0,0,0,1,0,2,0,0,1,2
585,6,29701.0,0,1,0,0,1,0,1,0,0,1,2
586,6,30601.0,0,0,0,1,1,0,1,0,0,1,2
587,6,31501.0,1,0,0,1,1,0,1,0,0,0,2
588,6,32401.0,1,0,0,0,1,0,1,0,0,0,3
589,6,33301.0,0,0,1,0,1,0,1,0,0,0,3
590,6,34201.0,0,0,0,0,0,0,2,0,0,0,4
591,6,35101.0,0,0,0,0,0,0,2,0,0,0,4
592,6,36001.0,0,0,0,0,0,0,1,0,0,0,5
593,6,36901.0,0,0,0,0,1,0,1,0,0,0,4
594,6,37801.0,0,0,1,0,0,0,1,0,0,0,4
595,6,38701.0,0,0,0,0,0,0,2,0,0,0,4
596,6,39601.0,0,0,0,0,1,0,1,0,0,0,4
597,6,40501.0,0,0,0,0,1,0,1,0,0,0,4
598,6,41401.0,0,0,0,0,0,0,2,0,0,2,2
599,6,42301.0,0,0,0,0,0,0,2,1,0,1,2
600,6,43201.0,1,0,0,0,1,0,1,0,0,1,2
601,6,44101.0,0,0,0,0,0,1,2,0,0,1,2
602,6,45001.0,0,0,0,0,0,0,2,1,0,1,2
603,6,45901.0,2,0,0,0,0,0,2,0,0,0,2
604,6,46801.0,1,0,0,0,0,2,2,0,0,0,1
605,6,47701.0,0,0,0,0,0,1,2,1,0,2,0
606,6,48601.0,0,0,0,0,1,0,1,2,0,2,0
607,6,49501.0,0,0,0,1,2,0,0,1,0,2,0
608,6,50401.0,0,0,0,1,0,0,2,1,0,2,0
609,6,51301.0,0,0,1,0,1,0,0,1,0,2,1
610,6,52201.0,0,0,1,0,1,0,0,1,0,2,1
611,6,53101.0,0,0,1,0,1,0,0,1,0,2,1
612,6,54001.0,0,0,0,0,1,0,1,0,0,3,1
613,6,54901.0,1,1,0,0,0,0,1,0,0,2,1
614,6,55801.0,0,0,0,0,1,0,1,0,0,3,1
615,6,56701.0,0,1,0,0,1,0,1,0,0,2,1
616,6,57601.0,0,0,0,0,0,0,2,0,0,3,1
617,6,58501.0,0,0,1,0,1,1,1,0,0,1,1
618,6,59401.0,0,0,3,0,1,0,1,0,0,0,1
619,6,60301.0,1,0,0,0,1,1,2,0,0,0,1
620,6,61201.0,0,0,0,0,0,0,1,0,1,2,2
621,6,62101.0,0,0,0,0,1,0,0,0,1,1,3
622,6,63001.0,1,0,0,0,1,0,1,0,0,0,3
623,6,63901.0,2,0,0,0,0,0,1,1,0,0,2
624,6,64801.0,1,0,0,0,0,0,3,1,0,0,1
625,6,65701.0,0,1,0,0,0,0,2,1,0,0,2
626,6,66601.0,0,1,1,0,0,1,1,0,0,0,2
627,6,67501.0,0,1,0,0,0,1,1,0,0,0,3
628,6,68401.0,0,0,0,0,0,0,2,0,0,0,4
629,6,69301.0,0,0,0,0,0,0,2,0,0,0,4
630,6,70201.0,0,0,0,0,0,0,1,0,0,0,5
631,6,71101.0,0,0,0,0,1,0,1,0,0,0,4
632,6,72001.0,0,0,0,0,1,0,1,0,0,0,4
633,6,72901.0,0,0,0,0,0,0,1,0,0,0,5
634,6,73801.0,0,0,0,0,0,0,1,0,0,0,5
635,6,74701.0,0,1,0,0,0,0,1,0,0,0,4
636,6,75601.0,0,1,1,0,0,0,0,0,0,0,4
637,6,76501.0,0,1,1,0,0,0,1,0,0,0,3
638,6,77401.0,0,0,0,0,0,0,3,0,0,0,3
639,6,78301.0,0,0,0,0,2,0,3,0,0,0,1
640,6,79201.0,0,0,0,0,2,0,3,0,0,0,1
641,6,80101.0,0,0,0,0,2,0,1,0,0,1,2
642,6,81001.0,0,0,0,0,2,0,1,0,0,1,2
643,6,81901.0,0,0,1,0,2,0,1,0,0,0,2
644,6,82801.0,0,1,0,0,1,0,3,0,0,0,1
645,6,83701.0,0,1,0,0,2,0,1,0,0,1,1
646,6,84601.0,0,1,0,0,1,0,2,0,0,1,1
647,6,85501.0,0,1,0,0,1,0,2,0,0,1,1
648,7,1.0,1,1,0,0,1,0,1,0,0,0,2
649,7,901.0,0,1,0,0,0,0,2,0,1,0,2
650,7,1801.0,0,0,1,0,0,0,2,0,0,1,2
651,7,2701.0,0,1,0,0,0,0,2,0,0,1,2
652,7,3601.0,0,1,0,0,1,0,2,0,0,1,1
653,7,4501.0,0,1,0,0,0,0,2,0,0,2,1
654,7,5401.0,0,0,1,0,1,0,2,1,0,0,1
655,7,6301.0,0,0,2,0,0,1,2,0,0,0,1
656,7,7201.0,0,0,1,0,0,0,3,1,0,0,1
657,7,8101.0,0,0,1,0,0,0,3,1,0,0,1
658,7,9001.0,0,0,0,0,0,0,4,1,0,0,1
659,7,9901.0,0,0,0,0,1,0,3,0,0,0,2
660,7,10801.0,0,0,0,0,1,0,3,0,0,0,2
661,7,11701.0,0,0,0,0,0,0,3,0,0,0,3
662,7,12601.0,0,0,0,0,0,0,2,0,0,0,4
663,7,13501.0,0,0,0,0,1,0,2,0,0,1,2
664,7,14401.0,0,0,0,0,1,0,2,0,0,1,2
665,7,15301.0,0,1,0,0,0,0,3,0,0,0,2
666,7,16201.0,0,1,0,0,1,0,1,0,0,0,3
667,7,17101.0,0,1,1,0,1,0,0,0,0,0,3
668,7,18001.0,0,0,1,0,1,0,1,0,0,0,3
669,7,18901.0,0,0,0,0,0,1,2,0,0,0,3
670,7,19801.0,0,0,0,0,0,1,2,0,0,0,3
671,7,20701.0,0,0,0,0,0,1,2,0,0,0,3
672,7,21601.0,0,0,0,0,0,0,1,1,0,0,4
673,7,22501.0,0,0,0,0,0,0,1,0,1,0,4
674,7,23401.0,0,0,0,0,0,0,1,0,1,0,4
675,7,24301.0,0,0,0,0,0,1,1,0,0,0,4
676,7,25201.0,0,0,0,0,0,1,0,1,0,1,3
677,7,26101.0,0,0,1,0,0,0,2,0,0,1,2
678,7,27001.0,0,0,0,0,0,0,3,0,0,1,2
679,7,27901.0,0,0,0,0,1,0,3,0,0,1,1
680,7,28801.0,0,0,0,0,0,0,3,0,0,1,2
681,7,29701.0,0,1,0,0,0,0,3,0,0,1,1
682,7,30601.0,0,1,0,0,0,0,4,0,0,1,0
683,7,31501.0,0,1,0,0,1,0,3,0,0,1,0
684,7,32401.0,0,0,1,0,2,0,2,0,0,1,0
685,7,33301.0,0,1,1,0,1,1,1,0,0,1,0
686,7,34201.0,1,1,1,0,0,0,2,0,0,1,0
687,7,35101.0,1,1,1,0,1,0,1,0,0,1,0
688,7,36001.0,0,0,2,0,1,0,2,0,0,1,0
689,7,36901.0,0,0,0,0,1,0,3,0,0,1,1
690,7,37801.0,0,0,1,0,1,0,1,0,0,0,3
691,7,38701.0,0,0,1,0,0,0,2,0,0,0,3
692,7,39601.0,0,0,0,0,0,0,3,0,0,0,3
693,7,40501.0,1,0,0,0,0,0,2,0,0,0,3
694,7,41401.0,0,0,0,0,1,0,1,0,0,1,3
695,7,42301.0,0,0,0,0,1,0,1,0,0,1,3
696,7,43201.0,0,0,0,0,0,0,2,0,0,1,3
697,7,44101.0,0,0,0,0,0,0,1,0,0,2,3
698,7,45001.0,0,0,0,0,0,0,1,0,0,2,3
699,7,45901.0,0,0,0,0,0,0,1,0,0,2,3
700,7,46801.0,0,0,1,0,0,0,1,0,0,1,3
701,7,47701.0,0,0,0,0,1,0,1,0,0,1,3
702,7,48601.0,0,1,0,0,1,0,2,0,0,0,2
703,7,49501.0,0,1,0,0,1,0,1,0,0,0,3
704,7,50401.0,0,1,0,0,1,0,1,0,0,0,3
705,7,51301.0,0,0,0,0,0,0,3,0,0,0,3
706,7,52201.0,1,0,0,0,0,0,2,0,0,1,2
707,7,53101.0,1,0,0,0,0,0,2,0,0,0,3
708,7,54001.0,1,0,0,0,0,0,2,0,0,0,3
709,7,54901.0,0,0,0,0,0,0,2,0,0,1,3
710,7,55801.0,0,0,0,1,0,0,0,0,0,2,3
711,7,56701.0,0,1,0,0,0,0,0,0,0,1,4
712,7,57601.0,0,0,0,0,0,0,1,0,0,2,3
713,7,58501.0,0,0,0,0,1,0,0,0,0,2,3
714,7,59401.0,1,0,0,1,1,0,0,0,0,1,2
715,7,60301.0,0,0,0,0,0,0,2,0,0,2,2
716,7,61201.0,0,0,1,0,1,0,1,0,0,2,1
717,7,62101.0,0,0,1,1,1,0,1,0,0,2,0
718,7,63001.0,0,0,0,1,2,0,1,0,0,1,1
719,7,63901.0,0,0,0,1,2,0,1,0,0,1,1
720,7,64801.0,0,0,1,1,1,0,1,0,1,1,0
721,7,65701.0,0,0,0,1,0,0,3,0,0,1,1
722,7,66601.0,0,0,0,1,1,0,2,0,0,1,1
723,7,67501.0,0,0,0,1,0,0,3,0,0,1,1
724,7,68401.0,0,0,0,1,0,0,3,0,0,1,1
725,7,69301.0,0,0,0,1,0,0,3,0,0,1,1
726,7,70201.0,0,0,0,1,1,0,1,0,1,1,1
727,7,71101.0,0,0,0,1,0,0,3,0,0,1,1
728,7,72001.0,0,0,0,1,1,1,2,0,0,0,1
729,7,72901.0,0,0,0,1,1,0,3,0,0,0,1
730,7,73801.0,0,0,0,1,1,0,2,0,0,2,0
731,7,74701.0,1,1,0,0,0,0,3,0,0,1,0
732,7,75601.0,0,2,0,0,0,0,3,0,0,0,1
733,7,76501.0,0,1,0,0,0,0,3,0,0,1,1
734,7,77401.0,0,0,1,1,0,0,1,0,0,1,2
735,7,78301.0,0,0,0,1,0,0,1,0,1,2,1
736,7,79201.0,0,0,0,1,0,0,1,0,1,2,1
737,7,80101.0,0,1,1,0,1,0,1,0,0,0,2
738,7,81001.0,0,0,1,0,1,1,0,0,0,0,3
739,7,81901.0,1,0,1,0,1,1,0,0,0,0,2
740,7,82801.0,0,0,1,0,0,1,1,0,0,0,3
741,7,83701.0,1,0,1,0,0,0,0,0,0,1,3
742,7,84601.0,0,0,1,1,0,0,0,0,0,0,4
743,7,85501.0,0,0,0,1,0,0,0,0,0,1,4
744,8,1.0,0,0,0,0,0,0,0,0,0,1,5
745,8,901.0,0,0,0,1,0,0,0,0,0,1,4
746,8,1801.0,0,0,0,1,0,0,0,0,0,1,4
747,8,2701.0,1,0,0,1,1,0,0,0,0,0,3
748,8,3601.0,0,0,0,0,1,1,0,0,0,0,4
749,8,4501.0,0,1,0,0,0,0,0,0,0,1,4
750,8,5401.0,0,1,0,0,0,0,0,0,0,1,4
751,8,6301.0,0,1,0,0,0,0,0,0,0,1,4
752,8,7201.0,1,0,0,0,0,0,0,0,0,1,4
753,8,8101.0,0,0,1,0,0,0,0,0,0,1,4
754,8,9001.0,0,0,0,0,0,0,1,0,0,1,4
755,8,9901.0,0,0,0,0,1,0,0,0,0,1,4
756,8,10801.0,0,0,0,0,0,0,2,0,0,1,3
757,8,11701.0,0,0,0,0,0,1,0,0,0,1,4
758,8,12601.0,0,0,0,0,0,0,1,0,0,1,4
759,8,13501.0,0,0,1,0,1,0,0,0,0,1,3
760,8,14401.0,0,0,1,0,2,0,0,0,0,0,3
761,8,15301.0,0,0,0,1,2,0,1,0,0,0,2
762,8,16201.0,0,1,0,0,1,0,3,0,0,0,1
763,8,17101.0,0,1,0,0,2,0,2,0,0,0,1
764,8,18001.0,1,1,0,0,1,0,2,0,0,0,1
765,8,18901.0,1,1,2,0,0,0,1,0,0,0,1
766,8,19801.0,0,1,0,0,1,1,2,0,0,0,1
767,8,20701.0,0,1,0,0,2,0,2,0,0,0,1
768,8,21601.0,1,0,0,0,1,0,3,0,0,0,1
769,8,22501.0,1,0,0,0,1,0,3,0,0,0,1
770,8,23401.0,1,0,0,0,1,0,4,0,0,0,0
771,8,24301.0,0,0,1,1,0,1,3,0,0,0,0
772,8,25201.0,0,0,0,1,1,0,4,0,0,0,0
773,8,26101.0,0,0,2,1,1,0,2,0,0,0,0
774,8,27001.0,1,0,0,0,0,1,4,0,0,0,0
775,8,27901.0,0,0,1,0,1,0,3,0,1,0,0
776,8,28801.0,1,0,0,0,1,0,2,0,1,0,1
777,8,29701.0,1,0,0,0,1,0,3,0,0,0,1
778,8,30601.0,0,0,1,1,1,0,1,0,0,0,2
779,8,31501.0,0,1,0,0,1,0,2,0,0,0,2
780,8,32401.0,0,0,1,0,1,0,2,0,0,0,2
781,8,33301.0,0,0,0,0,2,0,2,0,0,0,2
782,8,34201.0,0,1,0,0,0,0,3,0,0,0,2
783,8,35101.0,1,1,0,1,0,0,1,0,0,0,2
784,8,36001.0,1,0,1,0,0,0,0,0,0,0,4
785,8,36901.0,0,0,1,0,0,0,0,0,0,0,5
786,8,37801.0,0,0,0,0,0,0,1,0,0,0,5
787,8,38701.0,0,0,0,0,1,0,0,0,0,0,5
788,8,39601.0,0,0,0,0,0,0,1,0,0,0,5
789,8,40501.0,0,0,0,0,0,0,1,0,0,0,5
790,8,41401.0,0,0,0,1,1,0,1,0,0,0,3
791,8,42301.0,0,1,0,0,0,0,3,0,0,0,2
792,8,43201.0,0,1,0,0,0,0,3,0,0,0,2
793,8,44101.0,0,1,0,0,0,0,3,0,0,0,2
794,8,45001.0,0,0,0,0,3,0,1,0,0,0,2
795,8,45901.0,0,0,0,0,2,0,2,1,0,0,1
796,8,46801.0,0,0,0,0,0,0,4,1,0,0,1
797,8,47701.0,0,0,0,0,0,0,2,1,0,1,2
798,8,48601.0,0,0,0,1,0,0,1,1,0,1,2
799,8,49501.0,0,0,0,1,0,0,0,1,0,2,2
800,8,50401.0,0,1,0,0,0,0,1,1,0,1,2
801,8,51301.0,1,1,0,0,0,0,1,0,0,1,2
802,8,52201.0,0,1,0,0,0,0,1,1,0,1,2
803,8,53101.0,0,0,0,0,0,0,2,1,0,1,2
804,8,54001.0,0,0,0,0,0,0,2,1,0,1,2
805,8,54901.0,0,0,0,0,0,0,2,1,0,1,2
806,8,55801.0,0,0,0,0,0,0,4,0,0,1,1
807,8,56701.0,0,0,1,1,0,0,2,0,0,1,1
808,8,57601.0,0,0,1,0,0,0,3,0,0,1,1
809,8,58501.0,0,0,0,1,0,0,3,0,0,1,1
810,8,59401.0,0,0,0,1,0,0,3,0,0,1,1
811,8,60301.0,0,0,0,1,0,0,3,0,0,1,1
812,8,61201.0,0,1,0,1,0,0,2,0,0,1,1
813,8,62101.0,0,0,1,1,0,0,1,0,0,2,1
814,8,63001.0,0,0,0,1,1,0,1,0,0,1,2
815,8,63901.0,0,0,0,1,1,0,2,0,0,1,1
816,8,64801.0,0,0,2,1,0,0,0,0,0,1,2
817,8,65701.0,0,0,1,1,0,0,1,0,0,1,2
818,8,66601.0,0,0,0,0,0,1,0,0,0,1,4
819,8,67501.0,0,0,0,1,1,0,0,0,0,1,3
820,8,68401.0,0,0,0,0,1,0,0,0,0,1,4
821,8,69301.0,0,0,0,0,0,0,1,0,0,1,4
822,8,70201.0,0,0,0,0,0,0,1,0,0,1,4
823,8,71101.0,0,1,0,0,0,0,1,0,0,1,3
824,8,72001.0,0,1,0,0,0,0,1,1,0,1,2
825,8,72901.0,0,1,1,0,0,1,0,0,0,1,2
826,8,73801.0,0,1,1,0,0,1,0,1,0,0,2
827,8,74701.0,0,0,1,0,0,0,1,2,0,0,2
828,8,75601.0,0,0,1,0,0,0,1,1,0,1,2
829,8,76501.0,0,0,0,0,0,1,2,0,0,1,2
830,8,77401.0,0,0,0,0,1,0,1,1,0,0,3
831,8,78301.0,0,0,0,0,1,0,2,1,0,0,2
832,8,79201.0,0,0,0,0,0,0,2,1,0,1,2
833,8,80101.0,1,0,1,1,0,0,1,0,0,0,2
834,8,81001.0,0,0,0,0,1,0,2,1,0,0,2
835,8,81901.0,0,0,0,0,1,0,2,1,0,0,2
836,8,82801.0,0,0,0,0,1,0,1,1,0,1,2
837,8,83701.0,0,0,0,0,0,0,3,0,0,1,2
838,8,84601.0,0,0,0,0,0,0,3,0,0,0,3
839,8,85501.0,1,0,0,0,1,0,1,0,0,0,3
840,9,1.0,1,0,1,1,0,0,1,0,0,0,2
841,9,901.0,0,0,0,1,1,0,2,0,0,0,2
842,9,1801.0,0,0,0,1,1,0,2,0,0,0,2
843,9,2701.0,0,0,0,1,0,0,3,0,0,0,2
844,9,3601.0,0,0,1,1,0,0,2,0,1,0,1
845,9,4501.0,0,0,0,1,2,0,1,0,1,0,1
846,9,5401.0,0,1,0,0,2,0,1,1,0,0,1
847,9,6301.0,0,1,1,0,1,0,2,0,0,0,1
848,9,7201.0,0,0,2,1,1,0,1,0,0,0,1
849,9,8101.0,1,0,0,0,1,0,1,0,0,1,2
850,9,9001.0,0,0,0,0,1,0,2,0,0,1,2
851,9,9901.0,1,1,0,0,0,0,3,0,0,0,1
852,9,10801.0,0,1,0,0,1,0,2,0,0,0,2
853,9,11701.0,0,1,0,0,1,0,1,0,0,0,3
854,9,12601.0,0,0,0,0,0,1,1,0,0,0,4
855,9,13501.0,0,0,0,0,1,0,1,0,0,0,4
856,9,14401.0,1,0,0,0,1,0,1,0,0,0,3
857,9,15301.0,0,0,0,0,0,0,2,0,0,0,4
858,9,16201.0,0,0,0,0,0,1,1,0,0,0,4
859,9,17101.0,0,0,0,0,0,1,1,0,0,0,4
860,9,18001.0,1,0,1,0,0,0,1,0,0,0,3
861,9,18901.0,1,0,1,0,0,0,0,1,0,0,3
862,9,19801.0,0,0,0,0,0,1,2,0,0,0,3
863,9,20701.0,0,0,0,1,0,0,2,1,0,0,2
